Entity,Code,Year,Concentrations of fine particulate matter (PM2.5) - Residence area type: Total
Afghanistan,AFG,2010,68.96605
Afghanistan,AFG,2011,66.94454
Afghanistan,AFG,2012,68.25744
Afghanistan,AFG,2013,72.18289
Afghanistan,AFG,2014,68.05715
Afghanistan,AFG,2015,67.2032
Afghanistan,AFG,2016,64.00314
Afghanistan,AFG,2017,61.77561
Afghanistan,AFG,2018,70.25405
Afghanistan,AFG,2019,62.48616
Africa (WHO),,2010,31.55601
Africa (WHO),,2011,31.88515
Africa (WHO),,2012,32.33243
Africa (WHO),,2013,31.48955
Africa (WHO),,2014,31.84252
Africa (WHO),,2015,33.39974
Africa (WHO),,2016,33.40155
Africa (WHO),,2017,33.21602
Africa (WHO),,2018,32.94913
Africa (WHO),,2019,32.52097
Albania,ALB,2010,21.9487
Albania,ALB,2011,22.9965
Albania,ALB,2012,21.70175
Albania,ALB,2013,19.77038
Albania,ALB,2014,19.13142
Albania,ALB,2015,18.98271
Albania,ALB,2016,18.14981
Albania,ALB,2017,19.00622
Albania,ALB,2018,19.75808
Albania,ALB,2019,16.27997
Algeria,DZA,2010,21.27312
Algeria,DZA,2011,21.55503
Algeria,DZA,2012,22.75584
Algeria,DZA,2013,21.19187
Algeria,DZA,2014,22.63854
Algeria,DZA,2015,22.49486
Algeria,DZA,2016,23.05572
Algeria,DZA,2017,23.32959
Algeria,DZA,2018,22.72761
Algeria,DZA,2019,22.68313
Americas (WHO),,2010,14.74427
Americas (WHO),,2011,15.02574
Americas (WHO),,2012,14.56347
Americas (WHO),,2013,14.60512
Americas (WHO),,2014,14.28605
Americas (WHO),,2015,13.97896
Americas (WHO),,2016,13.51915
Americas (WHO),,2017,13.9361
Americas (WHO),,2018,12.78496
Americas (WHO),,2019,12.13756
Andorra,AND,2010,11.42903
Andorra,AND,2011,11.66004
Andorra,AND,2012,10.79727
Andorra,AND,2013,10.14877
Andorra,AND,2014,9.34741
Andorra,AND,2015,9.94171
Andorra,AND,2016,9.06227
Andorra,AND,2017,9.30733
Andorra,AND,2018,9.21394
Andorra,AND,2019,8.52423
Angola,AGO,2010,24.1984
Angola,AGO,2011,24.67357
Angola,AGO,2012,24.0083
Angola,AGO,2013,24.53186
Angola,AGO,2014,24.11941
Angola,AGO,2015,25.03078
Angola,AGO,2016,26.0812
Angola,AGO,2017,25.44195
Angola,AGO,2018,25.85236
Angola,AGO,2019,27.16477
Antigua and Barbuda,ATG,2010,8.16597
Antigua and Barbuda,ATG,2011,7.79362
Antigua and Barbuda,ATG,2012,8.19812
Antigua and Barbuda,ATG,2013,8.05258
Antigua and Barbuda,ATG,2014,8.49694
Antigua and Barbuda,ATG,2015,8.89159
Antigua and Barbuda,ATG,2016,8.9538
Antigua and Barbuda,ATG,2017,9.26532
Antigua and Barbuda,ATG,2018,8.86972
Antigua and Barbuda,ATG,2019,8.29693
Argentina,ARG,2010,13.13748
Argentina,ARG,2011,13.22056
Argentina,ARG,2012,12.94834
Argentina,ARG,2013,14.01846
Argentina,ARG,2014,13.56491
Argentina,ARG,2015,14.18288
Argentina,ARG,2016,13.93109
Argentina,ARG,2017,13.23692
Argentina,ARG,2018,12.60073
Argentina,ARG,2019,12.04087
Armenia,ARM,2010,40.89928
Armenia,ARM,2011,46.45905
Armenia,ARM,2012,45.89738
Armenia,ARM,2013,42.84965
Armenia,ARM,2014,40.55938
Armenia,ARM,2015,40.58537
Armenia,ARM,2016,40.0427
Armenia,ARM,2017,37.75576
Armenia,ARM,2018,37.0863
Armenia,ARM,2019,34.12674
Australia,AUS,2010,9.03381
Australia,AUS,2011,8.0759
Australia,AUS,2012,7.31418
Australia,AUS,2013,7.25562
Australia,AUS,2014,6.91137
Australia,AUS,2015,6.6018
Australia,AUS,2016,6.6731
Australia,AUS,2017,6.88756
Australia,AUS,2018,7.10973
Australia,AUS,2019,8.93323
Australia and New Zealand (UN),,2010,9.08553
Australia and New Zealand (UN),,2011,8.15176
Australia and New Zealand (UN),,2012,7.37259
Australia and New Zealand (UN),,2013,7.29631
Australia and New Zealand (UN),,2014,6.95679
Australia and New Zealand (UN),,2015,6.65513
Australia and New Zealand (UN),,2016,6.70996
Australia and New Zealand (UN),,2017,6.92783
Australia and New Zealand (UN),,2018,7.16285
Australia and New Zealand (UN),,2019,8.88227
Austria,AUT,2010,15.62129
Austria,AUT,2011,15.98621
Austria,AUT,2012,14.24784
Austria,AUT,2013,13.98012
Austria,AUT,2014,12.98472
Austria,AUT,2015,13.62845
Austria,AUT,2016,12.27973
Austria,AUT,2017,12.31771
Austria,AUT,2018,12.67567
Austria,AUT,2019,11.50796
Azerbaijan,AZE,2010,30.1081
Azerbaijan,AZE,2011,33.92017
Azerbaijan,AZE,2012,33.58166
Azerbaijan,AZE,2013,31.35332
Azerbaijan,AZE,2014,29.929
Azerbaijan,AZE,2015,29.66727
Azerbaijan,AZE,2016,28.84057
Azerbaijan,AZE,2017,27.47704
Azerbaijan,AZE,2018,26.96124
Azerbaijan,AZE,2019,24.64286
Bahamas,BHS,2010,4.96926
Bahamas,BHS,2011,4.91879
Bahamas,BHS,2012,5.28044
Bahamas,BHS,2013,5.07954
Bahamas,BHS,2014,5.31808
Bahamas,BHS,2015,5.32066
Bahamas,BHS,2016,5.55845
Bahamas,BHS,2017,5.80244
Bahamas,BHS,2018,5.61226
Bahamas,BHS,2019,5.19903
Bahrain,BHR,2010,55.87221
Bahrain,BHR,2011,54.68996
Bahrain,BHR,2012,54.40328
Bahrain,BHR,2013,52.80459
Bahrain,BHR,2014,50.11634
Bahrain,BHR,2015,56.37947
Bahrain,BHR,2016,52.90089
Bahrain,BHR,2017,54.71749
Bahrain,BHR,2018,54.49085
Bahrain,BHR,2019,51.81722
Bangladesh,BGD,2010,49.42935
Bangladesh,BGD,2011,49.96579
Bangladesh,BGD,2012,50.8172
Bangladesh,BGD,2013,52.86825
Bangladesh,BGD,2014,50.96257
Bangladesh,BGD,2015,50.62575
Bangladesh,BGD,2016,47.77741
Bangladesh,BGD,2017,46.18553
Bangladesh,BGD,2018,50.66434
Bangladesh,BGD,2019,45.98906
Barbados,BRB,2010,9.1456
Barbados,BRB,2011,9.04454
Barbados,BRB,2012,9.60352
Barbados,BRB,2013,9.31516
Barbados,BRB,2014,9.94912
Barbados,BRB,2015,10.52567
Barbados,BRB,2016,10.34492
Barbados,BRB,2017,10.90575
Barbados,BRB,2018,10.35542
Barbados,BRB,2019,9.78987
Belarus,BLR,2010,19.90926
Belarus,BLR,2011,18.10344
Belarus,BLR,2012,17.35394
Belarus,BLR,2013,17.94123
Belarus,BLR,2014,18.76572
Belarus,BLR,2015,16.49174
Belarus,BLR,2016,14.7773
Belarus,BLR,2017,14.36545
Belarus,BLR,2018,16.08948
Belarus,BLR,2019,15.48201
Belgium,BEL,2010,16.07608
Belgium,BEL,2011,16.2887
Belgium,BEL,2012,14.64482
Belgium,BEL,2013,14.41417
Belgium,BEL,2014,13.12651
Belgium,BEL,2015,13.27885
Belgium,BEL,2016,12.36674
Belgium,BEL,2017,12.32764
Belgium,BEL,2018,12.16104
Belgium,BEL,2019,11.25612
Belize,BLZ,2010,9.91087
Belize,BLZ,2011,9.80176
Belize,BLZ,2012,10.17558
Belize,BLZ,2013,10.24834
Belize,BLZ,2014,10.79746
Belize,BLZ,2015,11.0954
Belize,BLZ,2016,11.10206
Belize,BLZ,2017,11.36383
Belize,BLZ,2018,10.90041
Belize,BLZ,2019,10.50946
Benin,BEN,2010,30.97376
Benin,BEN,2011,31.36923
Benin,BEN,2012,31.84715
Benin,BEN,2013,30.8411
Benin,BEN,2014,31.14171
Benin,BEN,2015,33.10973
Benin,BEN,2016,32.72527
Benin,BEN,2017,32.66209
Benin,BEN,2018,32.33744
Benin,BEN,2019,31.51453
Bhutan,BTN,2010,29.51405
Bhutan,BTN,2011,29.08522
Bhutan,BTN,2012,30.02531
Bhutan,BTN,2013,30.6965
Bhutan,BTN,2014,29.72429
Bhutan,BTN,2015,29.04297
Bhutan,BTN,2016,27.62854
Bhutan,BTN,2017,26.49072
Bhutan,BTN,2018,28.72968
Bhutan,BTN,2019,26.09506
Bolivia,BOL,2010,28.03159
Bolivia,BOL,2011,25.82634
Bolivia,BOL,2012,26.2593
Bolivia,BOL,2013,26.52307
Bolivia,BOL,2014,27.47979
Bolivia,BOL,2015,26.50242
Bolivia,BOL,2016,26.40407
Bolivia,BOL,2017,24.17303
Bolivia,BOL,2018,24.63357
Bolivia,BOL,2019,25.23416
Bosnia and Herzegovina,BIH,2010,34.91059
Bosnia and Herzegovina,BIH,2011,36.5729
Bosnia and Herzegovina,BIH,2012,34.05842
Bosnia and Herzegovina,BIH,2013,31.48972
Bosnia and Herzegovina,BIH,2014,32.07207
Bosnia and Herzegovina,BIH,2015,30.73886
Bosnia and Herzegovina,BIH,2016,29.70925
Bosnia and Herzegovina,BIH,2017,31.40318
Bosnia and Herzegovina,BIH,2018,32.0164
Bosnia and Herzegovina,BIH,2019,26.19402
Botswana,BWA,2010,14.13807
Botswana,BWA,2011,13.68966
Botswana,BWA,2012,12.99973
Botswana,BWA,2013,12.80619
Botswana,BWA,2014,12.77959
Botswana,BWA,2015,12.88574
Botswana,BWA,2016,12.68932
Botswana,BWA,2017,13.11235
Botswana,BWA,2018,12.94709
Botswana,BWA,2019,12.8184
Brazil,BRA,2010,14.59709
Brazil,BRA,2011,14.88721
Brazil,BRA,2012,14.13799
Brazil,BRA,2013,13.15358
Brazil,BRA,2014,13.29311
Brazil,BRA,2015,12.04713
Brazil,BRA,2016,11.99646
Brazil,BRA,2017,14.86497
Brazil,BRA,2018,11.15102
Brazil,BRA,2019,10.94008
Brunei,BRN,2010,8.33369
Brunei,BRN,2011,8.41756
Brunei,BRN,2012,7.61957
Brunei,BRN,2013,8.07865
Brunei,BRN,2014,8.01761
Brunei,BRN,2015,7.81317
Brunei,BRN,2016,7.91286
Brunei,BRN,2017,7.02539
Brunei,BRN,2018,6.69525
Brunei,BRN,2019,6.86475
Bulgaria,BGR,2010,23.87244
Bulgaria,BGR,2011,24.29317
Bulgaria,BGR,2012,22.21629
Bulgaria,BGR,2013,21.16338
Bulgaria,BGR,2014,21.16684
Bulgaria,BGR,2015,20.41206
Bulgaria,BGR,2016,19.62786
Bulgaria,BGR,2017,20.30481
Bulgaria,BGR,2018,20.39639
Bulgaria,BGR,2019,17.29031
Burkina Faso,BFA,2010,41.29936
Burkina Faso,BFA,2011,40.39413
Burkina Faso,BFA,2012,41.16909
Burkina Faso,BFA,2013,38.51253
Burkina Faso,BFA,2014,40.01653
Burkina Faso,BFA,2015,43.63248
Burkina Faso,BFA,2016,43.05181
Burkina Faso,BFA,2017,42.74336
Burkina Faso,BFA,2018,41.76688
Burkina Faso,BFA,2019,40.74491
Burundi,BDI,2010,27.83957
Burundi,BDI,2011,27.69889
Burundi,BDI,2012,28.28679
Burundi,BDI,2013,28.2065
Burundi,BDI,2014,28.28168
Burundi,BDI,2015,28.3709
Burundi,BDI,2016,28.36512
Burundi,BDI,2017,27.63488
Burundi,BDI,2018,27.98169
Burundi,BDI,2019,27.99587
Cambodia,KHM,2010,18.84915
Cambodia,KHM,2011,17.31448
Cambodia,KHM,2012,18.21766
Cambodia,KHM,2013,19.1953
Cambodia,KHM,2014,17.01531
Cambodia,KHM,2015,17.4328
Cambodia,KHM,2016,19.15603
Cambodia,KHM,2017,16.83556
Cambodia,KHM,2018,17.16058
Cambodia,KHM,2019,17.80251
Cameroon,CMR,2010,53.5823
Cameroon,CMR,2011,54.40143
Cameroon,CMR,2012,55.42413
Cameroon,CMR,2013,53.04467
Cameroon,CMR,2014,53.82225
Cameroon,CMR,2015,59.08734
Cameroon,CMR,2016,59.19735
Cameroon,CMR,2017,59.29862
Cameroon,CMR,2018,57.80493
Cameroon,CMR,2019,56.36692
Canada,CAN,2010,7.76265
Canada,CAN,2011,7.8737
Canada,CAN,2012,7.70689
Canada,CAN,2013,7.40761
Canada,CAN,2014,7.29134
Canada,CAN,2015,7.15364
Canada,CAN,2016,6.30748
Canada,CAN,2017,6.89968
Canada,CAN,2018,7.09267
Canada,CAN,2019,6.38944
Cape Verde,CPV,2010,28.17148
Cape Verde,CPV,2011,31.06129
Cape Verde,CPV,2012,31.92126
Cape Verde,CPV,2013,30.71544
Cape Verde,CPV,2014,30.11248
Cape Verde,CPV,2015,33.37649
Cape Verde,CPV,2016,31.82663
Cape Verde,CPV,2017,32.59455
Cape Verde,CPV,2018,31.19557
Cape Verde,CPV,2019,31.08072
Central African Republic,CAF,2010,27.86686
Central African Republic,CAF,2011,28.59072
Central African Republic,CAF,2012,27.84438
Central African Republic,CAF,2013,26.61987
Central African Republic,CAF,2014,27.61422
Central African Republic,CAF,2015,29.06455
Central African Republic,CAF,2016,29.15016
Central African Republic,CAF,2017,27.93652
Central African Republic,CAF,2018,28.25056
Central African Republic,CAF,2019,27.19802
Central Asia and Southern Asia (UN),,2010,52.9542
Central Asia and Southern Asia (UN),,2011,52.96619
Central Asia and Southern Asia (UN),,2012,53.65272
Central Asia and Southern Asia (UN),,2013,55.82597
Central Asia and Southern Asia (UN),,2014,53.5476
Central Asia and Southern Asia (UN),,2015,53.21841
Central Asia and Southern Asia (UN),,2016,50.96171
Central Asia and Southern Asia (UN),,2017,49.34969
Central Asia and Southern Asia (UN),,2018,53.34119
Central Asia and Southern Asia (UN),,2019,48.30671
Chad,TCD,2010,41.64312
Chad,TCD,2011,42.20619
Chad,TCD,2012,43.04271
Chad,TCD,2013,40.62418
Chad,TCD,2014,41.04188
Chad,TCD,2015,44.4972
Chad,TCD,2016,44.48747
Chad,TCD,2017,44.35547
Chad,TCD,2018,42.60818
Chad,TCD,2019,41.15263
Chile,CHL,2010,22.25415
Chile,CHL,2011,22.50082
Chile,CHL,2012,22.0063
Chile,CHL,2013,23.82929
Chile,CHL,2014,23.14193
Chile,CHL,2015,24.15233
Chile,CHL,2016,23.74832
Chile,CHL,2017,22.69373
Chile,CHL,2018,21.46726
Chile,CHL,2019,20.48648
China,CHN,2010,47.18253
China,CHN,2011,51.9203
China,CHN,2012,53.43098
China,CHN,2013,64.92525
China,CHN,2014,55.40258
China,CHN,2015,51.76256
China,CHN,2016,47.61291
China,CHN,2017,46.89996
China,CHN,2018,40.54193
China,CHN,2019,38.153
Colombia,COL,2010,17.41506
Colombia,COL,2011,17.84735
Colombia,COL,2012,17.18047
Colombia,COL,2013,18.07776
Colombia,COL,2014,17.21034
Colombia,COL,2015,17.3316
Colombia,COL,2016,16.90482
Colombia,COL,2017,15.90059
Colombia,COL,2018,14.72127
Colombia,COL,2019,14.03552
Comoros,COM,2010,13.735
Comoros,COM,2011,13.8865
Comoros,COM,2012,14.16312
Comoros,COM,2013,14.0733
Comoros,COM,2014,14.24112
Comoros,COM,2015,14.53778
Comoros,COM,2016,14.15413
Comoros,COM,2017,14.29056
Comoros,COM,2018,14.41939
Comoros,COM,2019,14.3724
Congo,COG,2010,30.35857
Congo,COG,2011,30.49804
Congo,COG,2012,29.84971
Congo,COG,2013,29.90465
Congo,COG,2014,28.64988
Congo,COG,2015,28.98937
Congo,COG,2016,30.03266
Congo,COG,2017,28.76763
Congo,COG,2018,29.26944
Congo,COG,2019,29.48397
Cook Islands,COK,2010,7.45866
Cook Islands,COK,2011,7.29535
Cook Islands,COK,2012,7.43088
Cook Islands,COK,2013,7.43945
Cook Islands,COK,2014,7.36474
Cook Islands,COK,2015,7.45319
Cook Islands,COK,2016,7.62076
Cook Islands,COK,2017,7.59942
Cook Islands,COK,2018,7.76376
Cook Islands,COK,2019,7.80121
Costa Rica,CRI,2010,18.34723
Costa Rica,CRI,2011,19.17703
Costa Rica,CRI,2012,18.51075
Costa Rica,CRI,2013,19.14176
Costa Rica,CRI,2014,18.0355
Costa Rica,CRI,2015,18.31777
Costa Rica,CRI,2016,17.8607
Costa Rica,CRI,2017,17.0471
Costa Rica,CRI,2018,15.59229
Costa Rica,CRI,2019,14.69544
Cote d'Ivoire,CIV,2010,39.44081
Cote d'Ivoire,CIV,2011,40.74937
Cote d'Ivoire,CIV,2012,41.18663
Cote d'Ivoire,CIV,2013,39.4543
Cote d'Ivoire,CIV,2014,39.55348
Cote d'Ivoire,CIV,2015,43.7615
Cote d'Ivoire,CIV,2016,42.70035
Cote d'Ivoire,CIV,2017,42.12337
Cote d'Ivoire,CIV,2018,41.80919
Cote d'Ivoire,CIV,2019,40.41493
Croatia,HRV,2010,20.99358
Croatia,HRV,2011,22.06682
Croatia,HRV,2012,19.8851
Croatia,HRV,2013,18.93214
Croatia,HRV,2014,19.0963
Croatia,HRV,2015,18.64689
Croatia,HRV,2016,17.72706
Croatia,HRV,2017,18.22426
Croatia,HRV,2018,18.97625
Croatia,HRV,2019,15.28803
Cuba,CUB,2010,13.32336
Cuba,CUB,2011,12.77719
Cuba,CUB,2012,13.71305
Cuba,CUB,2013,13.2396
Cuba,CUB,2014,13.71356
Cuba,CUB,2015,14.16391
Cuba,CUB,2016,14.4658
Cuba,CUB,2017,14.76059
Cuba,CUB,2018,14.28114
Cuba,CUB,2019,13.31979
Cyprus,CYP,2010,18.5258
Cyprus,CYP,2011,17.56798
Cyprus,CYP,2012,16.22805
Cyprus,CYP,2013,16.11813
Cyprus,CYP,2014,14.88171
Cyprus,CYP,2015,15.12686
Cyprus,CYP,2016,13.67356
Cyprus,CYP,2017,14.60062
Cyprus,CYP,2018,15.38302
Cyprus,CYP,2019,14.51621
Czechia,CZE,2010,20.24895
Czechia,CZE,2011,20.80231
Czechia,CZE,2012,18.80054
Czechia,CZE,2013,18.07482
Czechia,CZE,2014,18.27818
Czechia,CZE,2015,17.5159
Czechia,CZE,2016,16.62194
Czechia,CZE,2017,16.99135
Czechia,CZE,2018,17.50349
Czechia,CZE,2019,14.34125
Democratic Republic of Congo,COD,2010,31.83993
Democratic Republic of Congo,COD,2011,31.62003
Democratic Republic of Congo,COD,2012,32.14339
Democratic Republic of Congo,COD,2013,32.08453
Democratic Republic of Congo,COD,2014,31.46924
Democratic Republic of Congo,COD,2015,32.20523
Democratic Republic of Congo,COD,2016,32.98959
Democratic Republic of Congo,COD,2017,31.32414
Democratic Republic of Congo,COD,2018,31.46394
Democratic Republic of Congo,COD,2019,31.57858
Denmark,DNK,2010,12.26529
Denmark,DNK,2011,12.98285
Denmark,DNK,2012,11.44257
Denmark,DNK,2013,10.96574
Denmark,DNK,2014,10.39104
Denmark,DNK,2015,10.72585
Denmark,DNK,2016,9.77846
Denmark,DNK,2017,9.96918
Denmark,DNK,2018,10.01519
Denmark,DNK,2019,9.65653
Djibouti,DJI,2010,20.58046
Djibouti,DJI,2011,20.825
Djibouti,DJI,2012,21.15661
Djibouti,DJI,2013,20.71166
Djibouti,DJI,2014,20.00309
Djibouti,DJI,2015,20.38808
Djibouti,DJI,2016,20.4687
Djibouti,DJI,2017,20.89987
Djibouti,DJI,2018,20.38832
Djibouti,DJI,2019,19.98484
Dominica,DMA,2010,7.86285
Dominica,DMA,2011,7.69866
Dominica,DMA,2012,8.1195
Dominica,DMA,2013,7.8932
Dominica,DMA,2014,8.35549
Dominica,DMA,2015,8.8134
Dominica,DMA,2016,8.8778
Dominica,DMA,2017,9.23309
Dominica,DMA,2018,8.74675
Dominica,DMA,2019,8.22238
Dominican Republic,DOM,2010,7.52421
Dominican Republic,DOM,2011,7.04065
Dominican Republic,DOM,2012,7.461
Dominican Republic,DOM,2013,7.21616
Dominican Republic,DOM,2014,7.69651
Dominican Republic,DOM,2015,7.87327
Dominican Republic,DOM,2016,8.01817
Dominican Republic,DOM,2017,8.32237
Dominican Republic,DOM,2018,8.00486
Dominican Republic,DOM,2019,7.58534
East Timor,TLS,2010,20.7535
East Timor,TLS,2011,19.57411
East Timor,TLS,2012,20.7288
East Timor,TLS,2013,21.11583
East Timor,TLS,2014,19.27231
East Timor,TLS,2015,19.42989
East Timor,TLS,2016,21.20142
East Timor,TLS,2017,19.49366
East Timor,TLS,2018,19.65762
East Timor,TLS,2019,20.47387
Eastern Asia and South-eastern Asia (UN),,2010,38.21828
Eastern Asia and South-eastern Asia (UN),,2011,40.73898
Eastern Asia and South-eastern Asia (UN),,2012,41.85703
Eastern Asia and South-eastern Asia (UN),,2013,49.52913
Eastern Asia and South-eastern Asia (UN),,2014,42.73972
Eastern Asia and South-eastern Asia (UN),,2015,40.4442
Eastern Asia and South-eastern Asia (UN),,2016,38.23954
Eastern Asia and South-eastern Asia (UN),,2017,36.9875
Eastern Asia and South-eastern Asia (UN),,2018,32.82319
Eastern Asia and South-eastern Asia (UN),,2019,31.55598
Eastern Mediterranean (WHO),,2010,44.49082
Eastern Mediterranean (WHO),,2011,43.91316
Eastern Mediterranean (WHO),,2012,44.66675
Eastern Mediterranean (WHO),,2013,45.70842
Eastern Mediterranean (WHO),,2014,44.20543
Eastern Mediterranean (WHO),,2015,44.86908
Eastern Mediterranean (WHO),,2016,43.85695
Eastern Mediterranean (WHO),,2017,43.64261
Eastern Mediterranean (WHO),,2018,45.70891
Eastern Mediterranean (WHO),,2019,43.32542
Ecuador,ECU,2010,17.47493
Ecuador,ECU,2011,17.10048
Ecuador,ECU,2012,17.73954
Ecuador,ECU,2013,18.12336
Ecuador,ECU,2014,18.55831
Ecuador,ECU,2015,17.72879
Ecuador,ECU,2016,17.16539
Ecuador,ECU,2017,15.83787
Ecuador,ECU,2018,16.3823
Ecuador,ECU,2019,16.54855
Egypt,EGY,2010,60.83491
Egypt,EGY,2011,59.31687
Egypt,EGY,2012,60.50464
Egypt,EGY,2013,61.92892
Egypt,EGY,2014,62.02213
Egypt,EGY,2015,61.56171
Egypt,EGY,2016,61.96814
Egypt,EGY,2017,62.04866
Egypt,EGY,2018,62.19745
Egypt,EGY,2019,63.15743
El Salvador,SLV,2010,26.92661
El Salvador,SLV,2011,28.312
El Salvador,SLV,2012,26.85603
El Salvador,SLV,2013,28.60984
El Salvador,SLV,2014,27.04093
El Salvador,SLV,2015,27.18434
El Salvador,SLV,2016,26.44211
El Salvador,SLV,2017,24.93845
El Salvador,SLV,2018,23.35659
El Salvador,SLV,2019,22.15224
Equatorial Guinea,GNQ,2010,24.24799
Equatorial Guinea,GNQ,2011,24.93395
Equatorial Guinea,GNQ,2012,25.52585
Equatorial Guinea,GNQ,2013,24.30935
Equatorial Guinea,GNQ,2014,24.11408
Equatorial Guinea,GNQ,2015,27.28679
Equatorial Guinea,GNQ,2016,26.95478
Equatorial Guinea,GNQ,2017,26.62422
Equatorial Guinea,GNQ,2018,26.37597
Equatorial Guinea,GNQ,2019,25.66867
Eritrea,ERI,2010,22.41942
Eritrea,ERI,2011,22.7158
Eritrea,ERI,2012,22.69251
Eritrea,ERI,2013,22.20768
Eritrea,ERI,2014,21.30527
Eritrea,ERI,2015,22.33113
Eritrea,ERI,2016,22.30357
Eritrea,ERI,2017,23.55812
Eritrea,ERI,2018,22.98061
Eritrea,ERI,2019,22.74486
Estonia,EST,2010,8.46857
Estonia,EST,2011,7.65399
Estonia,EST,2012,7.37921
Estonia,EST,2013,7.63221
Estonia,EST,2014,7.84577
Estonia,EST,2015,6.74558
Estonia,EST,2016,6.19576
Estonia,EST,2017,5.89878
Estonia,EST,2018,6.70458
Estonia,EST,2019,6.35007
Eswatini,SWZ,2010,14.96722
Eswatini,SWZ,2011,14.71019
Eswatini,SWZ,2012,14.74831
Eswatini,SWZ,2013,14.89782
Eswatini,SWZ,2014,15.05071
Eswatini,SWZ,2015,14.82998
Eswatini,SWZ,2016,14.5759
Eswatini,SWZ,2017,14.77646
Eswatini,SWZ,2018,14.94766
Eswatini,SWZ,2019,15.07308
Ethiopia,ETH,2010,22.26304
Ethiopia,ETH,2011,22.38095
Ethiopia,ETH,2012,22.08561
Ethiopia,ETH,2013,22.07112
Ethiopia,ETH,2014,21.94154
Ethiopia,ETH,2015,22.11803
Ethiopia,ETH,2016,22.17223
Ethiopia,ETH,2017,22.2304
Ethiopia,ETH,2018,22.23241
Ethiopia,ETH,2019,21.80471
Europe (WHO),,2010,18.7488
Europe (WHO),,2011,19.17515
Europe (WHO),,2012,18.0306
Europe (WHO),,2013,17.56861
Europe (WHO),,2014,17.0275
Europe (WHO),,2015,16.79347
Europe (WHO),,2016,15.93261
Europe (WHO),,2017,15.80217
Europe (WHO),,2018,16.09504
Europe (WHO),,2019,14.88446
Fiji,FJI,2010,7.19301
Fiji,FJI,2011,7.03749
Fiji,FJI,2012,7.10199
Fiji,FJI,2013,7.12294
Fiji,FJI,2014,7.22564
Fiji,FJI,2015,7.32313
Fiji,FJI,2016,7.38893
Fiji,FJI,2017,7.45195
Fiji,FJI,2018,7.51985
Fiji,FJI,2019,7.36073
Finland,FIN,2010,7.06676
Finland,FIN,2011,7.03235
Finland,FIN,2012,6.32824
Finland,FIN,2013,6.19898
Finland,FIN,2014,5.77196
Finland,FIN,2015,5.82623
Finland,FIN,2016,5.39254
Finland,FIN,2017,5.37331
Finland,FIN,2018,5.57078
Finland,FIN,2019,5.46669
France,FRA,2010,14.4533
France,FRA,2011,14.72045
France,FRA,2012,13.28604
France,FRA,2013,12.94845
France,FRA,2014,11.87684
France,FRA,2015,12.20689
France,FRA,2016,11.24407
France,FRA,2017,11.2922
France,FRA,2018,11.22835
France,FRA,2019,10.45709
Gabon,GAB,2010,25.25444
Gabon,GAB,2011,25.36521
Gabon,GAB,2012,25.71197
Gabon,GAB,2013,25.17365
Gabon,GAB,2014,24.74257
Gabon,GAB,2015,26.12616
Gabon,GAB,2016,26.67274
Gabon,GAB,2017,25.89724
Gabon,GAB,2018,26.25771
Gabon,GAB,2019,26.28642
Gambia,GMB,2010,37.46242
Gambia,GMB,2011,37.6336
Gambia,GMB,2012,38.99416
Gambia,GMB,2013,36.75793
Gambia,GMB,2014,37.9618
Gambia,GMB,2015,39.87149
Gambia,GMB,2016,38.93244
Gambia,GMB,2017,40.49778
Gambia,GMB,2018,39.85939
Gambia,GMB,2019,39.10354
Georgia,GEO,2010,22.83911
Georgia,GEO,2011,25.97638
Georgia,GEO,2012,25.60431
Georgia,GEO,2013,23.91735
Georgia,GEO,2014,22.75555
Georgia,GEO,2015,22.56939
Georgia,GEO,2016,22.23778
Georgia,GEO,2017,21.05663
Georgia,GEO,2018,20.65794
Georgia,GEO,2019,19.06419
Germany,DEU,2010,15.05866
Germany,DEU,2011,15.41786
Germany,DEU,2012,13.75633
Germany,DEU,2013,13.26872
Germany,DEU,2014,12.47156
Germany,DEU,2015,12.64463
Germany,DEU,2016,11.65641
Germany,DEU,2017,11.77804
Germany,DEU,2018,11.69647
Germany,DEU,2019,10.73096
Ghana,GHA,2010,44.15821
Ghana,GHA,2011,45.88362
Ghana,GHA,2012,46.1697
Ghana,GHA,2013,44.52658
Ghana,GHA,2014,44.32529
Ghana,GHA,2015,50.00957
Ghana,GHA,2016,49.58518
Ghana,GHA,2017,48.44405
Ghana,GHA,2018,48.04326
Ghana,GHA,2019,46.04334
Greece,GRC,2010,19.70342
Greece,GRC,2011,19.55482
Greece,GRC,2012,17.69594
Greece,GRC,2013,17.32218
Greece,GRC,2014,15.61442
Greece,GRC,2015,16.44555
Greece,GRC,2016,15.17234
Greece,GRC,2017,15.19722
Greece,GRC,2018,15.68502
Greece,GRC,2019,14.62251
Grenada,GRD,2010,9.39634
Grenada,GRD,2011,9.23726
Grenada,GRD,2012,9.78476
Grenada,GRD,2013,9.54154
Grenada,GRD,2014,10.17527
Grenada,GRD,2015,10.76191
Grenada,GRD,2016,10.58836
Grenada,GRD,2017,11.13847
Grenada,GRD,2018,10.56853
Grenada,GRD,2019,10.08384
Guatemala,GTM,2010,25.981
Guatemala,GTM,2011,27.38173
Guatemala,GTM,2012,25.71066
Guatemala,GTM,2013,27.22863
Guatemala,GTM,2014,25.22439
Guatemala,GTM,2015,25.41907
Guatemala,GTM,2016,24.99632
Guatemala,GTM,2017,23.81887
Guatemala,GTM,2018,21.71094
Guatemala,GTM,2019,20.74787
Guinea,GIN,2010,36.75639
Guinea,GIN,2011,36.8619
Guinea,GIN,2012,38.56442
Guinea,GIN,2013,35.99449
Guinea,GIN,2014,37.47029
Guinea,GIN,2015,39.19347
Guinea,GIN,2016,39.27696
Guinea,GIN,2017,38.63413
Guinea,GIN,2018,37.9553
Guinea,GIN,2019,37.57394
Guinea-Bissau,GNB,2010,33.91065
Guinea-Bissau,GNB,2011,34.199
Guinea-Bissau,GNB,2012,35.23712
Guinea-Bissau,GNB,2013,33.12466
Guinea-Bissau,GNB,2014,34.50521
Guinea-Bissau,GNB,2015,36.11347
Guinea-Bissau,GNB,2016,35.00763
Guinea-Bissau,GNB,2017,36.52577
Guinea-Bissau,GNB,2018,35.89896
Guinea-Bissau,GNB,2019,34.84998
Guyana,GUY,2010,10.48881
Guyana,GUY,2011,10.08629
Guyana,GUY,2012,10.7606
Guyana,GUY,2013,10.41427
Guyana,GUY,2014,11.08202
Guyana,GUY,2015,11.72288
Guyana,GUY,2016,11.76084
Guyana,GUY,2017,12.03326
Guyana,GUY,2018,11.51726
Guyana,GUY,2019,11.10584
Haiti,HTI,2010,9.56173
Haiti,HTI,2011,9.04796
Haiti,HTI,2012,9.60844
Haiti,HTI,2013,9.36743
Haiti,HTI,2014,9.92126
Haiti,HTI,2015,10.14026
Haiti,HTI,2016,10.36243
Haiti,HTI,2017,10.61368
Haiti,HTI,2018,10.23239
Haiti,HTI,2019,9.69133
Honduras,HND,2010,22.41273
Honduras,HND,2011,24.6973
Honduras,HND,2012,22.49206
Honduras,HND,2013,24.52253
Honduras,HND,2014,23.10055
Honduras,HND,2015,23.07178
Honduras,HND,2016,22.63153
Honduras,HND,2017,21.06729
Honduras,HND,2018,20.02576
Honduras,HND,2019,18.93138
Hungary,HUN,2010,19.48187
Hungary,HUN,2011,20.28949
Hungary,HUN,2012,18.09601
Hungary,HUN,2013,17.41172
Hungary,HUN,2014,17.6783
Hungary,HUN,2015,17.16101
Hungary,HUN,2016,16.18065
Hungary,HUN,2017,16.61689
Hungary,HUN,2018,17.25407
Hungary,HUN,2019,14.24457
Iceland,ISL,2010,6.90546
Iceland,ISL,2011,7.45684
Iceland,ISL,2012,6.63645
Iceland,ISL,2013,6.38553
Iceland,ISL,2014,6.03472
Iceland,ISL,2015,6.43001
Iceland,ISL,2016,5.68914
Iceland,ISL,2017,5.75077
Iceland,ISL,2018,5.88924
Iceland,ISL,2019,5.78865
India,IND,2010,55.16824
India,IND,2011,55.05154
India,IND,2012,55.71659
India,IND,2013,58.2048
India,IND,2014,55.88501
India,IND,2015,55.47851
India,IND,2016,52.99866
India,IND,2017,51.30151
India,IND,2018,55.47787
India,IND,2019,50.17359
Indonesia,IDN,2010,20.59222
Indonesia,IDN,2011,19.12046
Indonesia,IDN,2012,20.27159
Indonesia,IDN,2013,20.90741
Indonesia,IDN,2014,18.87457
Indonesia,IDN,2015,19.34402
Indonesia,IDN,2016,20.77603
Indonesia,IDN,2017,18.41187
Indonesia,IDN,2018,18.46806
Indonesia,IDN,2019,19.3398
Iran,IRN,2010,29.88702
Iran,IRN,2011,29.6127
Iran,IRN,2012,29.63387
Iran,IRN,2013,29.5478
Iran,IRN,2014,29.05687
Iran,IRN,2015,29.87318
Iran,IRN,2016,29.5019
Iran,IRN,2017,30.35325
Iran,IRN,2018,32.17821
Iran,IRN,2019,31.61622
Iraq,IRQ,2010,39.31795
Iraq,IRQ,2011,38.61172
Iraq,IRQ,2012,38.56523
Iraq,IRQ,2013,38.55701
Iraq,IRQ,2014,36.63165
Iraq,IRQ,2015,39.05414
Iraq,IRQ,2016,38.51472
Iraq,IRQ,2017,38.85521
Iraq,IRQ,2018,39.97648
Iraq,IRQ,2019,39.28878
Ireland,IRL,2010,9.902
Ireland,IRL,2011,10.60182
Ireland,IRL,2012,9.42652
Ireland,IRL,2013,9.32749
Ireland,IRL,2014,8.73801
Ireland,IRL,2015,9.16187
Ireland,IRL,2016,8.07617
Ireland,IRL,2017,8.13348
Ireland,IRL,2018,8.30705
Ireland,IRL,2019,8.19503
Israel,ISR,2010,24.22698
Israel,ISR,2011,23.7084
Israel,ISR,2012,22.15262
Israel,ISR,2013,22.07348
Israel,ISR,2014,20.4316
Israel,ISR,2015,21.65498
Israel,ISR,2016,19.90068
Israel,ISR,2017,19.54361
Israel,ISR,2018,20.21878
Israel,ISR,2019,19.47101
Italy,ITA,2010,20.11166
Italy,ITA,2011,20.72886
Italy,ITA,2012,18.51943
Italy,ITA,2013,17.90644
Italy,ITA,2014,16.69172
Italy,ITA,2015,17.27739
Italy,ITA,2016,15.82346
Italy,ITA,2017,15.73249
Italy,ITA,2018,15.97465
Italy,ITA,2019,14.22481
Jamaica,JAM,2010,14.58165
Jamaica,JAM,2011,13.67548
Jamaica,JAM,2012,14.70844
Jamaica,JAM,2013,14.31808
Jamaica,JAM,2014,15.35632
Jamaica,JAM,2015,15.74704
Jamaica,JAM,2016,15.97862
Jamaica,JAM,2017,16.30178
Jamaica,JAM,2018,15.7328
Jamaica,JAM,2019,14.8314
Japan,JPN,2010,14.2207
Japan,JPN,2011,13.90566
Japan,JPN,2012,12.37181
Japan,JPN,2013,13.4454
Japan,JPN,2014,13.41395
Japan,JPN,2015,12.75262
Japan,JPN,2016,12.54238
Japan,JPN,2017,11.89025
Japan,JPN,2018,10.86894
Japan,JPN,2019,10.83519
Jordan,JOR,2010,24.53118
Jordan,JOR,2011,24.62581
Jordan,JOR,2012,24.9422
Jordan,JOR,2013,24.85342
Jordan,JOR,2014,24.47033
Jordan,JOR,2015,25.3359
Jordan,JOR,2016,24.86565
Jordan,JOR,2017,25.28584
Jordan,JOR,2018,25.85406
Jordan,JOR,2019,25.87215
Kazakhstan,KAZ,2010,30.42386
Kazakhstan,KAZ,2011,34.57333
Kazakhstan,KAZ,2012,34.81683
Kazakhstan,KAZ,2013,32.63615
Kazakhstan,KAZ,2014,30.90701
Kazakhstan,KAZ,2015,30.83178
Kazakhstan,KAZ,2016,30.6633
Kazakhstan,KAZ,2017,29.0364
Kazakhstan,KAZ,2018,28.46401
Kazakhstan,KAZ,2019,26.50215
Kenya,KEN,2010,12.37721
Kenya,KEN,2011,12.42852
Kenya,KEN,2012,12.46378
Kenya,KEN,2013,12.44209
Kenya,KEN,2014,12.46646
Kenya,KEN,2015,12.49999
Kenya,KEN,2016,12.52689
Kenya,KEN,2017,12.51088
Kenya,KEN,2018,12.58012
Kenya,KEN,2019,12.52415
Kiribati,KIR,2010,7.59778
Kiribati,KIR,2011,7.61922
Kiribati,KIR,2012,7.54133
Kiribati,KIR,2013,7.55415
Kiribati,KIR,2014,7.33496
Kiribati,KIR,2015,7.30706
Kiribati,KIR,2016,7.63719
Kiribati,KIR,2017,7.63061
Kiribati,KIR,2018,7.66936
Kiribati,KIR,2019,7.61811
Kuwait,KWT,2010,66.5074
Kuwait,KWT,2011,65.2794
Kuwait,KWT,2012,65.70146
Kuwait,KWT,2013,65.5682
Kuwait,KWT,2014,61.95748
Kuwait,KWT,2015,66.17386
Kuwait,KWT,2016,64.36795
Kuwait,KWT,2017,65.62618
Kuwait,KWT,2018,66.04878
Kuwait,KWT,2019,64.07714
Kyrgyzstan,KGZ,2010,44.68326
Kyrgyzstan,KGZ,2011,50.69917
Kyrgyzstan,KGZ,2012,50.3221
Kyrgyzstan,KGZ,2013,47.60541
Kyrgyzstan,KGZ,2014,44.59643
Kyrgyzstan,KGZ,2015,44.57756
Kyrgyzstan,KGZ,2016,44.04963
Kyrgyzstan,KGZ,2017,41.60872
Kyrgyzstan,KGZ,2018,40.99721
Kyrgyzstan,KGZ,2019,37.58464
Laos,LAO,2010,22.85893
Laos,LAO,2011,20.19389
Laos,LAO,2012,21.7454
Laos,LAO,2013,22.53763
Laos,LAO,2014,20.14811
Laos,LAO,2015,20.54602
Laos,LAO,2016,23.09439
Laos,LAO,2017,19.68483
Laos,LAO,2018,19.68081
Laos,LAO,2019,21.15498
Latin America and the Caribbean (UN),,2010,17.97146
Latin America and the Caribbean (UN),,2011,18.35907
Latin America and the Caribbean (UN),,2012,17.7784
Latin America and the Caribbean (UN),,2013,18.01339
Latin America and the Caribbean (UN),,2014,17.57599
Latin America and the Caribbean (UN),,2015,17.25153
Latin America and the Caribbean (UN),,2016,16.95964
Latin America and the Caribbean (UN),,2017,17.36015
Latin America and the Caribbean (UN),,2018,15.45388
Latin America and the Caribbean (UN),,2019,14.9579
Latvia,LVA,2010,16.47888
Latvia,LVA,2011,15.06489
Latvia,LVA,2012,14.35427
Latvia,LVA,2013,15.05586
Latvia,LVA,2014,15.38506
Latvia,LVA,2015,13.39956
Latvia,LVA,2016,12.14769
Latvia,LVA,2017,11.45575
Latvia,LVA,2018,12.84245
Latvia,LVA,2019,12.02183
Lebanon,LBN,2010,24.23999
Lebanon,LBN,2011,23.33959
Lebanon,LBN,2012,23.97292
Lebanon,LBN,2013,23.89735
Lebanon,LBN,2014,23.82028
Lebanon,LBN,2015,24.49356
Lebanon,LBN,2016,24.11258
Lebanon,LBN,2017,23.53088
Lebanon,LBN,2018,24.0801
Lebanon,LBN,2019,24.234
Lesotho,LSO,2010,18.42596
Lesotho,LSO,2011,17.74356
Lesotho,LSO,2012,17.54277
Lesotho,LSO,2013,17.75434
Lesotho,LSO,2014,17.95129
Lesotho,LSO,2015,17.6502
Lesotho,LSO,2016,17.42253
Lesotho,LSO,2017,17.75258
Lesotho,LSO,2018,17.79953
Lesotho,LSO,2019,17.59755
Liberia,LBR,2010,32.84865
Liberia,LBR,2011,33.43698
Liberia,LBR,2012,35.50188
Liberia,LBR,2013,33.1627
Liberia,LBR,2014,34.65888
Liberia,LBR,2015,37.68039
Liberia,LBR,2016,35.72049
Liberia,LBR,2017,35.98
Liberia,LBR,2018,35.67585
Liberia,LBR,2019,35.79581
Libya,LBY,2010,31.19201
Libya,LBY,2011,28.60137
Libya,LBY,2012,28.5302
Libya,LBY,2013,30.871
Libya,LBY,2014,29.98407
Libya,LBY,2015,29.0747
Libya,LBY,2016,30.06973
Libya,LBY,2017,28.41691
Libya,LBY,2018,30.40843
Libya,LBY,2019,29.83557
Lithuania,LTU,2010,13.87189
Lithuania,LTU,2011,12.76746
Lithuania,LTU,2012,12.194
Lithuania,LTU,2013,12.64978
Lithuania,LTU,2014,12.91686
Lithuania,LTU,2015,11.43758
Lithuania,LTU,2016,10.30377
Lithuania,LTU,2017,9.90997
Lithuania,LTU,2018,11.11935
Lithuania,LTU,2019,10.36907
Luxembourg,LUX,2010,12.37609
Luxembourg,LUX,2011,12.6349
Luxembourg,LUX,2012,11.32265
Luxembourg,LUX,2013,11.02887
Luxembourg,LUX,2014,10.26854
Luxembourg,LUX,2015,10.44694
Luxembourg,LUX,2016,9.74615
Luxembourg,LUX,2017,9.83734
Luxembourg,LUX,2018,9.70775
Luxembourg,LUX,2019,8.89471
Madagascar,MDG,2010,16.50359
Madagascar,MDG,2011,16.52913
Madagascar,MDG,2012,16.17388
Madagascar,MDG,2013,16.54685
Madagascar,MDG,2014,16.23716
Madagascar,MDG,2015,16.41895
Madagascar,MDG,2016,16.52351
Madagascar,MDG,2017,15.8643
Madagascar,MDG,2018,16.14007
Madagascar,MDG,2019,16.02251
Malawi,MWI,2010,18.7213
Malawi,MWI,2011,18.84669
Malawi,MWI,2012,18.96952
Malawi,MWI,2013,18.72721
Malawi,MWI,2014,18.71457
Malawi,MWI,2015,18.80413
Malawi,MWI,2016,18.58392
Malawi,MWI,2017,18.47615
Malawi,MWI,2018,18.60764
Malawi,MWI,2019,18.56954
Malaysia,MYS,2010,22.67492
Malaysia,MYS,2011,21.03622
Malaysia,MYS,2012,22.27061
Malaysia,MYS,2013,23.17544
Malaysia,MYS,2014,20.80653
Malaysia,MYS,2015,21.43982
Malaysia,MYS,2016,22.88744
Malaysia,MYS,2017,20.3758
Malaysia,MYS,2018,20.49619
Malaysia,MYS,2019,21.52164
Maldives,MDV,2010,13.38913
Maldives,MDV,2011,12.37565
Maldives,MDV,2012,13.26983
Maldives,MDV,2013,13.66561
Maldives,MDV,2014,12.0814
Maldives,MDV,2015,12.22996
Maldives,MDV,2016,13.66199
Maldives,MDV,2017,12.51763
Maldives,MDV,2018,12.46575
Maldives,MDV,2019,13.00334
Mali,MLI,2010,39.03671
Mali,MLI,2011,38.28989
Mali,MLI,2012,39.78941
Mali,MLI,2013,36.20615
Mali,MLI,2014,38.38143
Mali,MLI,2015,40.77241
Mali,MLI,2016,40.08283
Mali,MLI,2017,40.3369
Mali,MLI,2018,39.82185
Mali,MLI,2019,38.54882
Malta,MLT,2010,17.17263
Malta,MLT,2011,16.46377
Malta,MLT,2012,14.39201
Malta,MLT,2013,14.31433
Malta,MLT,2014,13.8986
Malta,MLT,2015,13.853
Malta,MLT,2016,13.26847
Malta,MLT,2017,12.60381
Malta,MLT,2018,13.79236
Malta,MLT,2019,12.93003
Marshall Islands,MHL,2010,7.2692
Marshall Islands,MHL,2011,7.07336
Marshall Islands,MHL,2012,7.1185
Marshall Islands,MHL,2013,7.2102
Marshall Islands,MHL,2014,6.97074
Marshall Islands,MHL,2015,7.10208
Marshall Islands,MHL,2016,7.2666
Marshall Islands,MHL,2017,7.14984
Marshall Islands,MHL,2018,7.14241
Marshall Islands,MHL,2019,7.21485
Mauritania,MRT,2010,38.90393
Mauritania,MRT,2011,41.32036
Mauritania,MRT,2012,42.27807
Mauritania,MRT,2013,40.30183
Mauritania,MRT,2014,40.80888
Mauritania,MRT,2015,43.67907
Mauritania,MRT,2016,42.42518
Mauritania,MRT,2017,43.42366
Mauritania,MRT,2018,42.58011
Mauritania,MRT,2019,41.98461
Mauritius,MUS,2010,10.59822
Mauritius,MUS,2011,10.54148
Mauritius,MUS,2012,10.59407
Mauritius,MUS,2013,10.63984
Mauritius,MUS,2014,10.65525
Mauritius,MUS,2015,10.75079
Mauritius,MUS,2016,10.73204
Mauritius,MUS,2017,10.35147
Mauritius,MUS,2018,10.44866
Mauritius,MUS,2019,10.48182
Mexico,MEX,2010,22.13361
Mexico,MEX,2011,23.52526
Mexico,MEX,2012,22.2395
Mexico,MEX,2013,23.18825
Mexico,MEX,2014,21.56012
Mexico,MEX,2015,21.79878
Mexico,MEX,2016,21.20562
Mexico,MEX,2017,20.43847
Mexico,MEX,2018,18.75159
Mexico,MEX,2019,17.82781
Micronesia (country),FSM,2010,7.55417
Micronesia (country),FSM,2011,7.3519
Micronesia (country),FSM,2012,7.46286
Micronesia (country),FSM,2013,7.64291
Micronesia (country),FSM,2014,7.37491
Micronesia (country),FSM,2015,7.65392
Micronesia (country),FSM,2016,7.73425
Micronesia (country),FSM,2017,7.6179
Micronesia (country),FSM,2018,7.63087
Micronesia (country),FSM,2019,7.78563
Moldova,MDA,2010,16.83486
Moldova,MDA,2011,15.67313
Moldova,MDA,2012,14.84957
Moldova,MDA,2013,15.10139
Moldova,MDA,2014,15.64055
Moldova,MDA,2015,13.60586
Moldova,MDA,2016,12.51156
Moldova,MDA,2017,11.98123
Moldova,MDA,2018,13.29578
Moldova,MDA,2019,12.36523
Monaco,MCO,2010,11.90929
Monaco,MCO,2011,12.36992
Monaco,MCO,2012,11.15613
Monaco,MCO,2013,10.76834
Monaco,MCO,2014,9.97134
Monaco,MCO,2015,10.41417
Monaco,MCO,2016,9.52814
Monaco,MCO,2017,9.62937
Monaco,MCO,2018,9.87806
Monaco,MCO,2019,9.21092
Mongolia,MNG,2010,45.20481
Mongolia,MNG,2011,51.57723
Mongolia,MNG,2012,52.19057
Mongolia,MNG,2013,48.76769
Mongolia,MNG,2014,47.14049
Mongolia,MNG,2015,47.78887
Mongolia,MNG,2016,47.50225
Mongolia,MNG,2017,45.49607
Mongolia,MNG,2018,44.03985
Mongolia,MNG,2019,41.30377
Montenegro,MNE,2010,26.08957
Montenegro,MNE,2011,27.20885
Montenegro,MNE,2012,26.83415
Montenegro,MNE,2013,23.39572
Montenegro,MNE,2014,23.25985
Montenegro,MNE,2015,22.49954
Montenegro,MNE,2016,21.48403
Montenegro,MNE,2017,22.66356
Montenegro,MNE,2018,23.34584
Montenegro,MNE,2019,19.29617
Morocco,MAR,2010,13.1705
Morocco,MAR,2011,13.27892
Morocco,MAR,2012,13.23921
Morocco,MAR,2013,12.87496
Morocco,MAR,2014,13.25827
Morocco,MAR,2015,13.48392
Morocco,MAR,2016,13.55217
Morocco,MAR,2017,13.91456
Morocco,MAR,2018,13.58116
Morocco,MAR,2019,13.44048
Mozambique,MOZ,2010,16.64926
Mozambique,MOZ,2011,16.31307
Mozambique,MOZ,2012,16.46958
Mozambique,MOZ,2013,16.65098
Mozambique,MOZ,2014,16.6766
Mozambique,MOZ,2015,16.68126
Mozambique,MOZ,2016,16.42798
Mozambique,MOZ,2017,16.25737
Mozambique,MOZ,2018,16.6806
Mozambique,MOZ,2019,16.44818
Myanmar,MMR,2010,29.45053
Myanmar,MMR,2011,26.63846
Myanmar,MMR,2012,28.51278
Myanmar,MMR,2013,29.31366
Myanmar,MMR,2014,26.07728
Myanmar,MMR,2015,26.52866
Myanmar,MMR,2016,29.2509
Myanmar,MMR,2017,25.92626
Myanmar,MMR,2018,26.0426
Myanmar,MMR,2019,27.16498
Namibia,NAM,2010,11.93522
Namibia,NAM,2011,12.0992
Namibia,NAM,2012,12.16913
Namibia,NAM,2013,11.85483
Namibia,NAM,2014,11.9326
Namibia,NAM,2015,11.87753
Namibia,NAM,2016,11.90338
Namibia,NAM,2017,11.97733
Namibia,NAM,2018,11.88239
Namibia,NAM,2019,11.81074
Nauru,NRU,2010,7.4968
Nauru,NRU,2011,7.57982
Nauru,NRU,2012,7.4037
Nauru,NRU,2013,7.37316
Nauru,NRU,2014,7.1829
Nauru,NRU,2015,7.27544
Nauru,NRU,2016,7.33435
Nauru,NRU,2017,7.44854
Nauru,NRU,2018,7.59188
Nauru,NRU,2019,7.40486
Nepal,NPL,2010,39.77933
Nepal,NPL,2011,39.48479
Nepal,NPL,2012,40.43541
Nepal,NPL,2013,41.79461
Nepal,NPL,2014,40.29809
Nepal,NPL,2015,39.81822
Nepal,NPL,2016,38.42945
Nepal,NPL,2017,36.76309
Nepal,NPL,2018,40.05945
Nepal,NPL,2019,36.43171
Netherlands,NLD,2010,15.01226
Netherlands,NLD,2011,15.53418
Netherlands,NLD,2012,13.74709
Netherlands,NLD,2013,13.19624
Netherlands,NLD,2014,12.48643
Netherlands,NLD,2015,12.58504
Netherlands,NLD,2016,11.59958
Netherlands,NLD,2017,11.62645
Netherlands,NLD,2018,11.48585
Netherlands,NLD,2019,10.7416
New Zealand,NZL,2010,9.34902
New Zealand,NZL,2011,8.54013
New Zealand,NZL,2012,7.67365
New Zealand,NZL,2013,7.50781
New Zealand,NZL,2014,7.19456
New Zealand,NZL,2015,6.93597
New Zealand,NZL,2016,6.90511
New Zealand,NZL,2017,7.14232
New Zealand,NZL,2018,7.44725
New Zealand,NZL,2019,8.60929
Nicaragua,NIC,2010,19.92137
Nicaragua,NIC,2011,20.95415
Nicaragua,NIC,2012,20.1217
Nicaragua,NIC,2013,21.2362
Nicaragua,NIC,2014,20.25059
Nicaragua,NIC,2015,20.60811
Nicaragua,NIC,2016,19.55939
Nicaragua,NIC,2017,18.43793
Nicaragua,NIC,2018,17.24307
Nicaragua,NIC,2019,16.00181
Niger,NER,2010,49.54739
Niger,NER,2011,49.57459
Niger,NER,2012,49.83186
Niger,NER,2013,47.72282
Niger,NER,2014,48.79553
Niger,NER,2015,52.86639
Niger,NER,2016,52.51137
Niger,NER,2017,52.41127
Niger,NER,2018,50.74433
Niger,NER,2019,50.15037
Nigeria,NGA,2010,52.84583
Nigeria,NGA,2011,53.70578
Nigeria,NGA,2012,54.53055
Nigeria,NGA,2013,52.88635
Nigeria,NGA,2014,53.95678
Nigeria,NGA,2015,57.2825
Nigeria,NGA,2016,57.1711
Nigeria,NGA,2017,57.45214
Nigeria,NGA,2018,56.52002
Nigeria,NGA,2019,55.64206
Niue,NIU,2010,6.44213
Niue,NIU,2011,6.34358
Niue,NIU,2012,6.43149
Niue,NIU,2013,6.40683
Niue,NIU,2014,6.51817
Niue,NIU,2015,6.52981
Niue,NIU,2016,6.75023
Niue,NIU,2017,6.64027
Niue,NIU,2018,6.7349
Niue,NIU,2019,6.74203
North Korea,PRK,2010,50.40548
North Korea,PRK,2011,55.17787
North Korea,PRK,2012,56.46034
North Korea,PRK,2013,68.48237
North Korea,PRK,2014,60.0937
North Korea,PRK,2015,56.44233
North Korea,PRK,2016,51.03666
North Korea,PRK,2017,50.32324
North Korea,PRK,2018,43.532
North Korea,PRK,2019,41.46032
North Macedonia,MKD,2010,34.53379
North Macedonia,MKD,2011,36.51749
North Macedonia,MKD,2012,33.87751
North Macedonia,MKD,2013,30.87741
North Macedonia,MKD,2014,30.38281
North Macedonia,MKD,2015,29.51055
North Macedonia,MKD,2016,28.22692
North Macedonia,MKD,2017,29.25548
North Macedonia,MKD,2018,30.05632
North Macedonia,MKD,2019,25.16804
Northern Africa and Western Asia (UN),,2010,35.18342
Northern Africa and Western Asia (UN),,2011,35.07014
Northern Africa and Western Asia (UN),,2012,35.56683
Northern Africa and Western Asia (UN),,2013,35.46949
Northern Africa and Western Asia (UN),,2014,34.86758
Northern Africa and Western Asia (UN),,2015,35.83268
Northern Africa and Western Asia (UN),,2016,35.53558
Northern Africa and Western Asia (UN),,2017,35.94769
Northern Africa and Western Asia (UN),,2018,36.10581
Northern Africa and Western Asia (UN),,2019,35.94189
Northern America and Europe (UN),,2010,13.69349
Northern America and Europe (UN),,2011,13.6621
Northern America and Europe (UN),,2012,12.64094
Northern America and Europe (UN),,2013,12.29875
Northern America and Europe (UN),,2014,11.97128
Northern America and Europe (UN),,2015,11.63735
Northern America and Europe (UN),,2016,10.70538
Northern America and Europe (UN),,2017,10.84737
Northern America and Europe (UN),,2018,11.13306
Northern America and Europe (UN),,2019,10.04155
Norway,NOR,2010,7.86369
Norway,NOR,2011,8.32307
Norway,NOR,2012,7.32541
Norway,NOR,2013,7.13364
Norway,NOR,2014,6.61816
Norway,NOR,2015,6.8203
Norway,NOR,2016,6.32693
Norway,NOR,2017,6.36199
Norway,NOR,2018,6.33232
Norway,NOR,2019,6.30111
Oceania (exc. Australia and New Zealand) (UN),,2010,8.31275
Oceania (exc. Australia and New Zealand) (UN),,2011,8.03704
Oceania (exc. Australia and New Zealand) (UN),,2012,8.1255
Oceania (exc. Australia and New Zealand) (UN),,2013,8.14817
Oceania (exc. Australia and New Zealand) (UN),,2014,8.15123
Oceania (exc. Australia and New Zealand) (UN),,2015,8.6194
Oceania (exc. Australia and New Zealand) (UN),,2016,8.42052
Oceania (exc. Australia and New Zealand) (UN),,2017,8.56436
Oceania (exc. Australia and New Zealand) (UN),,2018,8.63677
Oceania (exc. Australia and New Zealand) (UN),,2019,8.58667
Oman,OMN,2010,35.53593
Oman,OMN,2011,35.90277
Oman,OMN,2012,36.9132
Oman,OMN,2013,36.20723
Oman,OMN,2014,34.69059
Oman,OMN,2015,35.84203
Oman,OMN,2016,35.53841
Oman,OMN,2017,35.99423
Oman,OMN,2018,36.67529
Oman,OMN,2019,34.88286
Pakistan,PAK,2010,56.40357
Pakistan,PAK,2011,55.33722
Pakistan,PAK,2012,56.29123
Pakistan,PAK,2013,59.05498
Pakistan,PAK,2014,56.2618
Pakistan,PAK,2015,55.89503
Pakistan,PAK,2016,53.65099
Pakistan,PAK,2017,51.97565
Pakistan,PAK,2018,56.50438
Pakistan,PAK,2019,50.13067
Palau,PLW,2010,7.22831
Palau,PLW,2011,7.60687
Palau,PLW,2012,7.77952
Palau,PLW,2013,7.77074
Palau,PLW,2014,7.75975
Palau,PLW,2015,8.01579
Palau,PLW,2016,7.58828
Palau,PLW,2017,7.49994
Palau,PLW,2018,7.77358
Palau,PLW,2019,7.82424
Palestine,PSE,2010,29.4186
Palestine,PSE,2011,28.7703
Palestine,PSE,2012,29.45407
Palestine,PSE,2013,29.84821
Palestine,PSE,2014,30.03145
Palestine,PSE,2015,30.4868
Palestine,PSE,2016,30.29228
Palestine,PSE,2017,29.81358
Palestine,PSE,2018,30.51881
Palestine,PSE,2019,30.8191
Panama,PAN,2010,14.12765
Panama,PAN,2011,14.78085
Panama,PAN,2012,14.52209
Panama,PAN,2013,15.21319
Panama,PAN,2014,14.51812
Panama,PAN,2015,14.86951
Panama,PAN,2016,14.03824
Panama,PAN,2017,13.38493
Panama,PAN,2018,12.37203
Panama,PAN,2019,11.77915
Papua New Guinea,PNG,2010,8.65084
Papua New Guinea,PNG,2011,8.27803
Papua New Guinea,PNG,2012,8.38956
Papua New Guinea,PNG,2013,8.38809
Papua New Guinea,PNG,2014,8.38693
Papua New Guinea,PNG,2015,8.96576
Papua New Guinea,PNG,2016,8.68582
Papua New Guinea,PNG,2017,8.8705
Papua New Guinea,PNG,2018,8.92571
Papua New Guinea,PNG,2019,8.88558
Paraguay,PRY,2010,16.36973
Paraguay,PRY,2011,15.8887
Paraguay,PRY,2012,15.26003
Paraguay,PRY,2013,14.33518
Paraguay,PRY,2014,14.08261
Paraguay,PRY,2015,13.00169
Paraguay,PRY,2016,13.26532
Paraguay,PRY,2017,16.35836
Paraguay,PRY,2018,12.1112
Paraguay,PRY,2019,12.30993
Peru,PER,2010,29.59087
Peru,PER,2011,28.47326
Peru,PER,2012,29.99227
Peru,PER,2013,30.46651
Peru,PER,2014,31.47109
Peru,PER,2015,30.28824
Peru,PER,2016,29.48786
Peru,PER,2017,27.75851
Peru,PER,2018,28.81163
Peru,PER,2019,29.06587
Philippines,PHL,2010,23.81843
Philippines,PHL,2011,22.13145
Philippines,PHL,2012,23.35276
Philippines,PHL,2013,24.20666
Philippines,PHL,2014,21.54303
Philippines,PHL,2015,22.05308
Philippines,PHL,2016,23.90306
Philippines,PHL,2017,21.62402
Philippines,PHL,2018,21.51733
Philippines,PHL,2019,22.45141
Poland,POL,2010,26.32189
Poland,POL,2011,27.01823
Poland,POL,2012,24.46697
Poland,POL,2013,23.36101
Poland,POL,2014,23.45474
Poland,POL,2015,22.58791
Poland,POL,2016,21.34448
Poland,POL,2017,21.9609
Poland,POL,2018,22.51081
Poland,POL,2019,18.82808
Portugal,PRT,2010,10.54772
Portugal,PRT,2011,10.67923
Portugal,PRT,2012,9.43022
Portugal,PRT,2013,9.44265
Portugal,PRT,2014,7.8954
Portugal,PRT,2015,8.67534
Portugal,PRT,2016,8.41931
Portugal,PRT,2017,9.03849
Portugal,PRT,2018,7.89586
Portugal,PRT,2019,7.34244
Qatar,QAT,2010,64.27163
Qatar,QAT,2011,63.84025
Qatar,QAT,2012,63.83774
Qatar,QAT,2013,61.36537
Qatar,QAT,2014,58.29297
Qatar,QAT,2015,65.9073
Qatar,QAT,2016,61.29524
Qatar,QAT,2017,63.11193
Qatar,QAT,2018,62.6647
Qatar,QAT,2019,59.03746
Romania,ROU,2010,18.05504
Romania,ROU,2011,18.67849
Romania,ROU,2012,16.96099
Romania,ROU,2013,15.95671
Romania,ROU,2014,15.96018
Romania,ROU,2015,15.41342
Romania,ROU,2016,14.84775
Romania,ROU,2017,15.3241
Romania,ROU,2018,15.59612
Romania,ROU,2019,13.30043
Russia,RUS,2010,11.8813
Russia,RUS,2011,10.52571
Russia,RUS,2012,10.22086
Russia,RUS,2013,10.46019
Russia,RUS,2014,10.79947
Russia,RUS,2015,9.48913
Russia,RUS,2016,8.71282
Russia,RUS,2017,8.38309
Russia,RUS,2018,9.22426
Russia,RUS,2019,8.88468
Rwanda,RWA,2010,34.39619
Rwanda,RWA,2011,34.80846
Rwanda,RWA,2012,35.33117
Rwanda,RWA,2013,34.87908
Rwanda,RWA,2014,34.9263
Rwanda,RWA,2015,34.68945
Rwanda,RWA,2016,34.97191
Rwanda,RWA,2017,34.7134
Rwanda,RWA,2018,34.91829
Rwanda,RWA,2019,35.65776
Saint Kitts and Nevis,KNA,2010,7.9259
Saint Kitts and Nevis,KNA,2011,7.52631
Saint Kitts and Nevis,KNA,2012,7.91165
Saint Kitts and Nevis,KNA,2013,7.75147
Saint Kitts and Nevis,KNA,2014,8.21795
Saint Kitts and Nevis,KNA,2015,8.59294
Saint Kitts and Nevis,KNA,2016,8.65734
Saint Kitts and Nevis,KNA,2017,8.96676
Saint Kitts and Nevis,KNA,2018,8.59213
Saint Kitts and Nevis,KNA,2019,8.05126
Saint Lucia,LCA,2010,8.42728
Saint Lucia,LCA,2011,8.33712
Saint Lucia,LCA,2012,8.81156
Saint Lucia,LCA,2013,8.55295
Saint Lucia,LCA,2014,9.10296
Saint Lucia,LCA,2015,9.61662
Saint Lucia,LCA,2016,9.56065
Saint Lucia,LCA,2017,10.02694
Saint Lucia,LCA,2018,9.50754
Saint Lucia,LCA,2019,8.97661
Saint Vincent and the Grenadines,VCT,2010,8.85366
Saint Vincent and the Grenadines,VCT,2011,8.74973
Saint Vincent and the Grenadines,VCT,2012,9.23302
Saint Vincent and the Grenadines,VCT,2013,8.97443
Saint Vincent and the Grenadines,VCT,2014,9.55157
Saint Vincent and the Grenadines,VCT,2015,10.09276
Saint Vincent and the Grenadines,VCT,2016,10.05366
Saint Vincent and the Grenadines,VCT,2017,10.49894
Saint Vincent and the Grenadines,VCT,2018,9.94237
Saint Vincent and the Grenadines,VCT,2019,9.41283
Samoa,WSM,2010,7.40466
Samoa,WSM,2011,7.48468
Samoa,WSM,2012,7.55718
Samoa,WSM,2013,7.63588
Samoa,WSM,2014,7.55472
Samoa,WSM,2015,7.75524
Samoa,WSM,2016,7.61736
Samoa,WSM,2017,7.67308
Samoa,WSM,2018,7.77359
Samoa,WSM,2019,7.77989
San Marino,SMR,2010,13.01652
San Marino,SMR,2011,13.43533
San Marino,SMR,2012,12.11762
San Marino,SMR,2013,11.72033
San Marino,SMR,2014,10.99926
San Marino,SMR,2015,11.41735
San Marino,SMR,2016,10.32921
San Marino,SMR,2017,10.55104
San Marino,SMR,2018,10.80798
San Marino,SMR,2019,9.84868
Sao Tome and Principe,STP,2010,31.73907
Sao Tome and Principe,STP,2011,32.57917
Sao Tome and Principe,STP,2012,33.15825
Sao Tome and Principe,STP,2013,32.41367
Sao Tome and Principe,STP,2014,32.11853
Sao Tome and Principe,STP,2015,33.99913
Sao Tome and Principe,STP,2016,34.44868
Sao Tome and Principe,STP,2017,33.6171
Sao Tome and Principe,STP,2018,33.8403
Sao Tome and Principe,STP,2019,33.74991
Saudi Arabia,SAU,2010,56.55127
Saudi Arabia,SAU,2011,56.6517
Saudi Arabia,SAU,2012,58.60077
Saudi Arabia,SAU,2013,57.09528
Saudi Arabia,SAU,2014,52.95536
Saudi Arabia,SAU,2015,58.47575
Saudi Arabia,SAU,2016,55.75664
Saudi Arabia,SAU,2017,58.46789
Saudi Arabia,SAU,2018,58.30433
Saudi Arabia,SAU,2019,57.15638
Senegal,SEN,2010,36.73364
Senegal,SEN,2011,37.61465
Senegal,SEN,2012,38.97932
Senegal,SEN,2013,36.88208
Senegal,SEN,2014,37.6937
Senegal,SEN,2015,39.90025
Senegal,SEN,2016,38.67131
Senegal,SEN,2017,39.88987
Senegal,SEN,2018,39.07941
Senegal,SEN,2019,38.21284
Serbia,SRB,2010,29.42471
Serbia,SRB,2011,30.67586
Serbia,SRB,2012,27.87856
Serbia,SRB,2013,26.16852
Serbia,SRB,2014,26.27462
Serbia,SRB,2015,25.33298
Serbia,SRB,2016,24.24702
Serbia,SRB,2017,24.95485
Serbia,SRB,2018,25.86499
Serbia,SRB,2019,21.73909
Seychelles,SYC,2010,17.8967
Seychelles,SYC,2011,16.78684
Seychelles,SYC,2012,17.82111
Seychelles,SYC,2013,18.27263
Seychelles,SYC,2014,16.23041
Seychelles,SYC,2015,16.50973
Seychelles,SYC,2016,18.15396
Seychelles,SYC,2017,16.36962
Seychelles,SYC,2018,16.48274
Seychelles,SYC,2019,16.95663
Sierra Leone,SLE,2010,36.32017
Sierra Leone,SLE,2011,37.26171
Sierra Leone,SLE,2012,41.09574
Sierra Leone,SLE,2013,37.75351
Sierra Leone,SLE,2014,40.53461
Sierra Leone,SLE,2015,42.52948
Sierra Leone,SLE,2016,40.62177
Sierra Leone,SLE,2017,40.24941
Sierra Leone,SLE,2018,39.46253
Sierra Leone,SLE,2019,39.4217
Singapore,SGP,2010,16.89388
Singapore,SGP,2011,16.53947
Singapore,SGP,2012,15.20339
Singapore,SGP,2013,16.58208
Singapore,SGP,2014,16.62945
Singapore,SGP,2015,16.15997
Singapore,SGP,2016,15.48455
Singapore,SGP,2017,14.23202
Singapore,SGP,2018,13.12328
Singapore,SGP,2019,13.33302
Slovakia,SVK,2010,21.69566
Slovakia,SVK,2011,22.65742
Slovakia,SVK,2012,20.27122
Slovakia,SVK,2013,19.47218
Slovakia,SVK,2014,19.52392
Slovakia,SVK,2015,19.04978
Slovakia,SVK,2016,17.98092
Slovakia,SVK,2017,18.4938
Slovakia,SVK,2018,19.07598
Slovakia,SVK,2019,15.89146
Slovenia,SVN,2010,19.68829
Slovenia,SVN,2011,20.54985
Slovenia,SVN,2012,18.73253
Slovenia,SVN,2013,17.98375
Slovenia,SVN,2014,17.91433
Slovenia,SVN,2015,17.55293
Slovenia,SVN,2016,16.73609
Slovenia,SVN,2017,17.08411
Slovenia,SVN,2018,17.77099
Slovenia,SVN,2019,14.07638
Solomon Islands,SLB,2010,7.41903
Solomon Islands,SLB,2011,7.37153
Solomon Islands,SLB,2012,7.42724
Solomon Islands,SLB,2013,7.54031
Solomon Islands,SLB,2014,7.61513
Solomon Islands,SLB,2015,7.85858
Solomon Islands,SLB,2016,7.75892
Solomon Islands,SLB,2017,7.79642
Solomon Islands,SLB,2018,7.94788
Solomon Islands,SLB,2019,7.8289
Somalia,SOM,2010,14.3522
Somalia,SOM,2011,14.47293
Somalia,SOM,2012,14.60625
Somalia,SOM,2013,14.26601
Somalia,SOM,2014,14.25288
Somalia,SOM,2015,14.22371
Somalia,SOM,2016,14.39752
Somalia,SOM,2017,14.49673
Somalia,SOM,2018,14.4512
Somalia,SOM,2019,14.27733
South Africa,ZAF,2010,18.69321
South Africa,ZAF,2011,18.66777
South Africa,ZAF,2012,18.67658
South Africa,ZAF,2013,18.81701
South Africa,ZAF,2014,18.9779
South Africa,ZAF,2015,19.13945
South Africa,ZAF,2016,19.07406
South Africa,ZAF,2017,19.37741
South Africa,ZAF,2018,19.52362
South Africa,ZAF,2019,19.74802
South Korea,KOR,2010,29.83355
South Korea,KOR,2011,29.35337
South Korea,KOR,2012,26.17924
South Korea,KOR,2013,28.54048
South Korea,KOR,2014,28.95136
South Korea,KOR,2015,27.60665
South Korea,KOR,2016,27.25594
South Korea,KOR,2017,25.81438
South Korea,KOR,2018,23.69667
South Korea,KOR,2019,24.03774
South Sudan,SSD,2010,21.21051
South Sudan,SSD,2011,21.82681
South Sudan,SSD,2012,21.91677
South Sudan,SSD,2013,21.54355
South Sudan,SSD,2014,21.23758
South Sudan,SSD,2015,22.0609
South Sudan,SSD,2016,22.37394
South Sudan,SSD,2017,21.63901
South Sudan,SSD,2018,21.9397
South Sudan,SSD,2019,20.18219
South-East Asia (WHO),,2010,47.65426
South-East Asia (WHO),,2011,47.31515
South-East Asia (WHO),,2012,48.1556
South-East Asia (WHO),,2013,50.35609
South-East Asia (WHO),,2014,47.99703
South-East Asia (WHO),,2015,47.7425
South-East Asia (WHO),,2016,46.11154
South-East Asia (WHO),,2017,44.26394
South-East Asia (WHO),,2018,47.47836
South-East Asia (WHO),,2019,43.59033
Spain,ESP,2010,12.71701
Spain,ESP,2011,13.08877
Spain,ESP,2012,11.8292
Spain,ESP,2013,11.21636
Spain,ESP,2014,10.30841
Spain,ESP,2015,11.11022
Spain,ESP,2016,10.03888
Spain,ESP,2017,10.20704
Spain,ESP,2018,10.07741
Spain,ESP,2019,9.3416
Sri Lanka,LKA,2010,24.99107
Sri Lanka,LKA,2011,23.20591
Sri Lanka,LKA,2012,24.60746
Sri Lanka,LKA,2013,25.47886
Sri Lanka,LKA,2014,22.65567
Sri Lanka,LKA,2015,23.08327
Sri Lanka,LKA,2016,25.46074
Sri Lanka,LKA,2017,22.98816
Sri Lanka,LKA,2018,23.12285
Sri Lanka,LKA,2019,23.87759
Sub-Saharan Africa (UN),,2010,31.79272
Sub-Saharan Africa (UN),,2011,32.11836
Sub-Saharan Africa (UN),,2012,32.52763
Sub-Saharan Africa (UN),,2013,31.71878
Sub-Saharan Africa (UN),,2014,32.01954
Sub-Saharan Africa (UN),,2015,33.62414
Sub-Saharan Africa (UN),,2016,33.60248
Sub-Saharan Africa (UN),,2017,33.39716
Sub-Saharan Africa (UN),,2018,33.14215
Sub-Saharan Africa (UN),,2019,32.69679
Sudan,SDN,2010,22.00686
Sudan,SDN,2011,22.61182
Sudan,SDN,2012,22.60951
Sudan,SDN,2013,21.93584
Sudan,SDN,2014,21.39796
Sudan,SDN,2015,22.55149
Sudan,SDN,2016,22.41052
Sudan,SDN,2017,22.73444
Sudan,SDN,2018,21.88573
Sudan,SDN,2019,21.42613
Suriname,SUR,2010,11.35987
Suriname,SUR,2011,11.12067
Suriname,SUR,2012,11.85823
Suriname,SUR,2013,11.46335
Suriname,SUR,2014,12.23399
Suriname,SUR,2015,12.95795
Suriname,SUR,2016,12.90374
Suriname,SUR,2017,13.30251
Suriname,SUR,2018,12.7537
Suriname,SUR,2019,12.17056
Sweden,SWE,2010,7.51618
Sweden,SWE,2011,7.75897
Sweden,SWE,2012,6.90251
Sweden,SWE,2013,6.61276
Sweden,SWE,2014,6.2991
Sweden,SWE,2015,6.37266
Sweden,SWE,2016,5.87894
Sweden,SWE,2017,5.92993
Sweden,SWE,2018,6.09387
Sweden,SWE,2019,5.95539
Switzerland,CHE,2010,12.7588
Switzerland,CHE,2011,13.00391
Switzerland,CHE,2012,11.73932
Switzerland,CHE,2013,11.383
Switzerland,CHE,2014,10.50995
Switzerland,CHE,2015,10.81907
Switzerland,CHE,2016,9.98995
Switzerland,CHE,2017,9.88915
Switzerland,CHE,2018,10.01045
Switzerland,CHE,2019,8.96682
Syria,SYR,2010,25.07604
Syria,SYR,2011,24.6198
Syria,SYR,2012,24.69551
Syria,SYR,2013,24.45901
Syria,SYR,2014,24.12911
Syria,SYR,2015,24.75272
Syria,SYR,2016,24.43168
Syria,SYR,2017,24.82528
Syria,SYR,2018,25.1301
Syria,SYR,2019,25.14079
Tajikistan,TJK,2010,63.40423
Tajikistan,TJK,2011,71.80428
Tajikistan,TJK,2012,71.50028
Tajikistan,TJK,2013,67.16655
Tajikistan,TJK,2014,63.46351
Tajikistan,TJK,2015,63.27915
Tajikistan,TJK,2016,62.72654
Tajikistan,TJK,2017,59.38627
Tajikistan,TJK,2018,58.57753
Tajikistan,TJK,2019,53.64558
Tanzania,TZA,2010,15.45167
Tanzania,TZA,2011,15.32795
Tanzania,TZA,2012,15.55412
Tanzania,TZA,2013,15.36198
Tanzania,TZA,2014,15.34867
Tanzania,TZA,2015,15.59429
Tanzania,TZA,2016,15.60301
Tanzania,TZA,2017,15.19631
Tanzania,TZA,2018,15.4112
Tanzania,TZA,2019,15.36389
Thailand,THA,2010,26.36311
Thailand,THA,2011,24.16447
Thailand,THA,2012,25.65632
Thailand,THA,2013,26.61528
Thailand,THA,2014,23.6639
Thailand,THA,2015,24.10254
Thailand,THA,2016,26.42045
Thailand,THA,2017,23.54318
Thailand,THA,2018,23.68253
Thailand,THA,2019,24.63927
Togo,TGO,2010,34.98097
Togo,TGO,2011,35.81539
Togo,TGO,2012,35.95685
Togo,TGO,2013,34.79041
Togo,TGO,2014,34.92123
Togo,TGO,2015,38.24957
Togo,TGO,2016,37.52358
Togo,TGO,2017,37.25126
Togo,TGO,2018,36.83061
Togo,TGO,2019,35.65757
Tonga,TON,2010,7.14405
Tonga,TON,2011,7.05185
Tonga,TON,2012,7.1031
Tonga,TON,2013,7.09433
Tonga,TON,2014,7.20356
Tonga,TON,2015,7.25668
Tonga,TON,2016,7.39788
Tonga,TON,2017,7.38038
Tonga,TON,2018,7.46988
Tonga,TON,2019,7.52079
Trinidad and Tobago,TTO,2010,9.79285
Trinidad and Tobago,TTO,2011,9.44151
Trinidad and Tobago,TTO,2012,9.97297
Trinidad and Tobago,TTO,2013,9.79067
Trinidad and Tobago,TTO,2014,10.34355
Trinidad and Tobago,TTO,2015,10.94219
Trinidad and Tobago,TTO,2016,10.95355
Trinidad and Tobago,TTO,2017,11.27068
Trinidad and Tobago,TTO,2018,10.71643
Trinidad and Tobago,TTO,2019,10.26482
Tunisia,TUN,2010,26.67751
Tunisia,TUN,2011,25.54363
Tunisia,TUN,2012,25.40391
Tunisia,TUN,2013,25.75134
Tunisia,TUN,2014,27.01053
Tunisia,TUN,2015,26.13071
Tunisia,TUN,2016,27.58332
Tunisia,TUN,2017,26.13183
Tunisia,TUN,2018,27.21906
Tunisia,TUN,2019,26.52402
Turkey,TUR,2010,23.73719
Turkey,TUR,2011,23.27972
Turkey,TUR,2012,22.7553
Turkey,TUR,2013,23.0713
Turkey,TUR,2014,22.85719
Turkey,TUR,2015,22.95707
Turkey,TUR,2016,22.53114
Turkey,TUR,2017,22.88792
Turkey,TUR,2018,23.28703
Turkey,TUR,2019,23.25106
Turkmenistan,TKM,2010,31.48364
Turkmenistan,TKM,2011,35.85101
Turkmenistan,TKM,2012,35.59832
Turkmenistan,TKM,2013,33.52481
Turkmenistan,TKM,2014,31.92663
Turkmenistan,TKM,2015,31.44058
Turkmenistan,TKM,2016,31.22765
Turkmenistan,TKM,2017,29.49465
Turkmenistan,TKM,2018,29.17182
Turkmenistan,TKM,2019,26.40925
Tuvalu,TUV,2010,6.76436
Tuvalu,TUV,2011,6.94843
Tuvalu,TUV,2012,6.86974
Tuvalu,TUV,2013,6.81201
Tuvalu,TUV,2014,6.78081
Tuvalu,TUV,2015,6.94864
Tuvalu,TUV,2016,6.69649
Tuvalu,TUV,2017,6.84562
Tuvalu,TUV,2018,6.93967
Tuvalu,TUV,2019,6.80654
Uganda,UGA,2010,31.29329
Uganda,UGA,2011,31.4937
Uganda,UGA,2012,32.14039
Uganda,UGA,2013,31.79322
Uganda,UGA,2014,31.42753
Uganda,UGA,2015,31.65182
Uganda,UGA,2016,32.08328
Uganda,UGA,2017,31.27824
Uganda,UGA,2018,31.72916
Uganda,UGA,2019,31.31261
Ukraine,UKR,2010,17.81272
Ukraine,UKR,2011,16.5497
Ukraine,UKR,2012,15.61071
Ukraine,UKR,2013,15.98508
Ukraine,UKR,2014,16.58483
Ukraine,UKR,2015,14.66802
Ukraine,UKR,2016,13.33379
Ukraine,UKR,2017,12.93489
Ukraine,UKR,2018,14.23927
Ukraine,UKR,2019,13.50727
United Arab Emirates,ARE,2010,43.70844
United Arab Emirates,ARE,2011,43.53498
United Arab Emirates,ARE,2012,43.93421
United Arab Emirates,ARE,2013,42.88311
United Arab Emirates,ARE,2014,41.33546
United Arab Emirates,ARE,2015,43.92792
United Arab Emirates,ARE,2016,42.88604
United Arab Emirates,ARE,2017,43.32676
United Arab Emirates,ARE,2018,43.09622
United Arab Emirates,ARE,2019,41.7495
United Kingdom,GBR,2010,13.17134
United Kingdom,GBR,2011,13.41139
United Kingdom,GBR,2012,12.13746
United Kingdom,GBR,2013,11.82121
United Kingdom,GBR,2014,10.95413
United Kingdom,GBR,2015,11.08279
United Kingdom,GBR,2016,10.18747
United Kingdom,GBR,2017,10.09013
United Kingdom,GBR,2018,10.06647
United Kingdom,GBR,2019,9.51575
United States,USA,2010,9.28664
United States,USA,2011,9.36109
United States,USA,2012,9.07419
United States,USA,2013,8.75496
United States,USA,2014,8.62258
United States,USA,2015,8.31036
United States,USA,2016,7.54403
United States,USA,2017,7.95602
United States,USA,2018,8.13413
United States,USA,2019,7.17987
Uruguay,URY,2010,9.18128
Uruguay,URY,2011,9.19783
Uruguay,URY,2012,9.034
Uruguay,URY,2013,9.72178
Uruguay,URY,2014,9.51708
Uruguay,URY,2015,9.90392
Uruguay,URY,2016,9.74647
Uruguay,URY,2017,9.27199
Uruguay,URY,2018,8.81777
Uruguay,URY,2019,8.47571
Uzbekistan,UZB,2010,48.51926
Uzbekistan,UZB,2011,55.09954
Uzbekistan,UZB,2012,54.87665
Uzbekistan,UZB,2013,51.60295
Uzbekistan,UZB,2014,48.70482
Uzbekistan,UZB,2015,48.46156
Uzbekistan,UZB,2016,48.09068
Uzbekistan,UZB,2017,45.48117
Uzbekistan,UZB,2018,44.62058
Uzbekistan,UZB,2019,40.97948
Vanuatu,VUT,2010,8.08733
Vanuatu,VUT,2011,8.2336
Vanuatu,VUT,2012,8.19068
Vanuatu,VUT,2013,8.31014
Vanuatu,VUT,2014,8.35515
Vanuatu,VUT,2015,8.62408
Vanuatu,VUT,2016,8.6638
Vanuatu,VUT,2017,8.61743
Vanuatu,VUT,2018,8.80598
Vanuatu,VUT,2019,8.42148
Venezuela,VEN,2010,20.66606
Venezuela,VEN,2011,20.71004
Venezuela,VEN,2012,19.87092
Venezuela,VEN,2013,21.0044
Venezuela,VEN,2014,19.83872
Venezuela,VEN,2015,20.12396
Venezuela,VEN,2016,19.64719
Venezuela,VEN,2017,18.70915
Venezuela,VEN,2018,17.06222
Venezuela,VEN,2019,16.21392
Vietnam,VNM,2010,22.36823
Vietnam,VNM,2011,20.67487
Vietnam,VNM,2012,21.67103
Vietnam,VNM,2013,22.62388
Vietnam,VNM,2014,20.07941
Vietnam,VNM,2015,20.46553
Vietnam,VNM,2016,22.37486
Vietnam,VNM,2017,20.09941
Vietnam,VNM,2018,20.09202
Vietnam,VNM,2019,20.8923
Western Pacific (WHO),,2010,40.5019
Western Pacific (WHO),,2011,43.79521
Western Pacific (WHO),,2012,44.85072
Western Pacific (WHO),,2013,53.71691
Western Pacific (WHO),,2014,46.21053
Western Pacific (WHO),,2015,43.43547
Western Pacific (WHO),,2016,40.52195
Western Pacific (WHO),,2017,39.57542
Western Pacific (WHO),,2018,34.67788
Western Pacific (WHO),,2019,33.03099
World,OWID_WRL,2010,35.2778
World,OWID_WRL,2011,36.14984
World,OWID_WRL,2012,36.56894
World,OWID_WRL,2013,39.37527
World,OWID_WRL,2014,36.63018
World,OWID_WRL,2015,36.06115
World,OWID_WRL,2016,34.65158
World,OWID_WRL,2017,33.94279
World,OWID_WRL,2018,33.60898
World,OWID_WRL,2019,31.69578
Yemen,YEM,2010,38.82749
Yemen,YEM,2011,41.0284
Yemen,YEM,2012,42.48632
Yemen,YEM,2013,41.02003
Yemen,YEM,2014,38.27183
Yemen,YEM,2015,41.06106
Yemen,YEM,2016,39.90644
Yemen,YEM,2017,41.32087
Yemen,YEM,2018,41.6231
Yemen,YEM,2019,41.60944
Zambia,ZMB,2010,17.08674
Zambia,ZMB,2011,17.33064
Zambia,ZMB,2012,17.55181
Zambia,ZMB,2013,17.2438
Zambia,ZMB,2014,17.29111
Zambia,ZMB,2015,17.4341
Zambia,ZMB,2016,17.31679
Zambia,ZMB,2017,16.9852
Zambia,ZMB,2018,16.98833
Zambia,ZMB,2019,16.8967
Zimbabwe,ZWE,2010,13.27519
Zimbabwe,ZWE,2011,13.26777
Zimbabwe,ZWE,2012,13.20859
Zimbabwe,ZWE,2013,13.09511
Zimbabwe,ZWE,2014,13.12364
Zimbabwe,ZWE,2015,13.26748
Zimbabwe,ZWE,2016,13.09256
Zimbabwe,ZWE,2017,13.15097
Zimbabwe,ZWE,2018,13.11527
Zimbabwe,ZWE,2019,13.07553